de-DE;ESDASP3MLPC;170032;AfterShot Pro 3;89,99;59,99;;30 %;-33%;($30)
en-AU;ESDASP3MLPC;170032;AfterShot Pro 3;79;55;;30%;-30%;($24)
en-CA;ESDASP3MLPC;170032;AfterShot Pro 3;79.99;54.99;;30%;-31%;($25)
en-GB;ESDASP3MLPC;170032;AfterShot Pro 3;79.99;54.99;;30%;-31%;($25)
en-IE;ESDASP3MLPC;170032;AfterShot Pro 3;89.99;59.99;;30%;-33%;($30)
en-US;ESDASP3MLPC;170032;AfterShot Pro 3;79.99;54.99;;30%;-31%;($25)
es-MX;ESDASP3MLPC;170032;AfterShot Pro 3;1,050;735;;30%;-30%;($315)
fr-FR;ESDASP3MLPC;170032;AfterShot Pro 3;89,99;59,99;;30 %;-33%;($30)
ja-JP;ESDASP3MLPC;170032;AfterShot Pro 3;10,584;7,408;;30%;-30%;($3,176)
pt-BR;ESDASP3MLPC;170032;AfterShot Pro 3;179;125;;30%;-30%;($54)
en-RW;ESDASP3MLPC;170032;AfterShot Pro 3;79.99;54.99;;30%;-31%;($25)
